{"images": [{"file_name": "7385219.jpg", "height": 724, "width": 705, "id": 67}, {"file_name": "3503298.jpg", "height": 725, "width": 730, "id": 24}, {"file_name": "6811708.jpg", "height": 716, "width": 752, "id": 62}, {"file_name": "9225919.jpg", "height": 745, "width": 767, "id": 96}, {"file_name": "7207998.jpg", "height": 725, "width": 715, "id": 66}, {"file_name": "5317153.jpg", "height": 751, "width": 711, "id": 42}, {"file_name": "6780784.jpg", "height": 644, "width": 693, "id": 60}, {"file_name": "5488320.jpg", "height": 658, "width": 678, "id": 44}, {"file_name": "2442594.jpg", "height": 662, "width": 763, "id": 14}, {"file_name": "8100725.jpg", "height": 653, "width": 682, "id": 84}, {"file_name": "2600031.jpg", "height": 699, "width": 649, "id": 15}, {"file_name": "8764690.jpg", "height": 608, "width": 608, "id": 92}, {"file_name": "7970084.jpg", "height": 653, "width": 667, "id": 79}, {"file_name": "1458582.jpg", "height": 628, "width": 614, "id": 4}, {"file_name": "3865430.jpg", "height": 700, "width": 741, "id": 26}, {"file_name": "8094612.jpg", "height": 635, "width": 751, "id": 83}, {"file_name": "4556382.jpg", "height": 630, "width": 676, "id": 30}, {"file_name": "7960961.jpg", "height": 672, "width": 616, "id": 78}, {"file_name": "3494527.jpg", "height": 659, "width": 749, "id": 23}, {"file_name": "4146739.jpg", "height": 679, "width": 627, "id": 27}, {"file_name": "1352111.jpg", "height": 602, "width": 800, "id": 3}, {"file_name": "5554755.jpg", "height": 734, "width": 781, "id": 46}, {"file_name": "9326757.jpg", "height": 676, "width": 622, "id": 97}, {"file_name": "6451747.jpg", "height": 704, "width": 650, "id": 55}, {"file_name": "3027223.jpg", "height": 619, "width": 693, "id": 17}, {"file_name": "6938594.jpg", "height": 606, "width": 625, "id": 63}, {"file_name": "5037640.jpg", "height": 714, "width": 770, "id": 37}, {"file_name": "5409470.jpg", "height": 716, "width": 743, "id": 43}, {"file_name": "3284259.jpg", "height": 697, "width": 650, "id": 19}, {"file_name": "6529092.jpg", "height": 667, "width": 657, "id": 56}, {"file_name": "7693472.jpg", "height": 609, "width": 758, "id": 71}, {"file_name": "7944221.jpg", "height": 780, "width": 699, "id": 77}, {"file_name": "7703237.jpg", "height": 720, "width": 738, "id": 72}, {"file_name": "7119716.jpg", "height": 755, "width": 656, "id": 64}, {"file_name": "9690557.jpg", "height": 752, "width": 754, "id": 99}, {"file_name": "9086858.jpg", "height": 639, "width": 606, "id": 94}, {"file_name": "7677084.jpg", "height": 799, "width": 642, "id": 70}, {"file_name": "6755219.jpg", "height": 712, "width": 621, "id": 59}, {"file_name": "4520356.jpg", "height": 723, "width": 608, "id": 29}, {"file_name": "4671596.jpg", "height": 726, "width": 611, "id": 34}, {"file_name": "7816187.jpg", "height": 665, "width": 675, "id": 76}, {"file_name": "2218479.jpg", "height": 616, "width": 647, "id": 11}, {"file_name": "5828386.jpg", "height": 792, "width": 737, "id": 49}, {"file_name": "1966445.jpg", "height": 771, "width": 622, "id": 10}, {"file_name": "1505283.jpg", "height": 780, "width": 624, "id": 5}, {"file_name": "7782958.jpg", "height": 676, "width": 776, "id": 74}, {"file_name": "3687988.jpg", "height": 725, "width": 724, "id": 25}, {"file_name": "5264581.jpg", "height": 752, "width": 781, "id": 40}, {"file_name": "1760620.jpg", "height": 774, "width": 641, "id": 6}, {"file_name": "6670056.jpg", "height": 710, "width": 698, "id": 58}, {"file_name": "6794781.jpg", "height": 681, "width": 753, "id": 61}, {"file_name": "8257625.jpg", "height": 796, "width": 790, "id": 86}, {"file_name": "8328707.jpg", "height": 640, "width": 726, "id": 88}, {"file_name": "2340453.jpg", "height": 705, "width": 784, "id": 13}, {"file_name": "7461273.jpg", "height": 626, "width": 680, "id": 68}, {"file_name": "4600438.jpg", "height": 625, "width": 661, "id": 32}, {"file_name": "8045491.jpg", "height": 791, "width": 617, "id": 80}, {"file_name": "7491889.jpg", "height": 722, "width": 741, "id": 69}, {"file_name": "8545109.jpg", "height": 626, "width": 744, "id": 91}, {"file_name": "8052734.jpg", "height": 701, "width": 747, "id": 81}, {"file_name": "1211999.jpg", "height": 652, "width": 708, "id": 1}, {"file_name": "1919316.jpg", "height": 608, "width": 791, "id": 9}, {"file_name": "6079258.jpg", "height": 769, "width": 637, "id": 51}, {"file_name": "8166834.jpg", "height": 795, "width": 774, "id": 85}, {"file_name": "6569040.jpg", "height": 714, "width": 640, "id": 57}, {"file_name": "1835448.jpg", "height": 734, "width": 710, "id": 7}, {"file_name": "6397375.jpg", "height": 679, "width": 708, "id": 53}, {"file_name": "4660756.jpg", "height": 691, "width": 708, "id": 33}, {"file_name": "3102592.jpg", "height": 632, "width": 685, "id": 18}, {"file_name": "8059547.jpg", "height": 732, "width": 771, "id": 82}], "annotations": [{"image_id": 67, "bbox": [76, 31, 410, 350], "category_id": 0}, {"image_id": 67, "bbox": [169, 172, 396, 465], "category_id": 1}, {"image_id": 24, "bbox": [143, 54, 357, 341], "category_id": 0}, {"image_id": 24, "bbox": [101, 186, 481, 363], "category_id": 2}, {"image_id": 24, "bbox": [81, 40, 473, 332], "category_id": 0}, {"image_id": 62, "bbox": [164, 59, 464, 409], "category_id": 0}, {"image_id": 62, "bbox": [162, 189, 366, 396], "category_id": 2}, {"image_id": 96, "bbox": [186, 140, 357, 323], "category_id": 2}, {"image_id": 66, "bbox": [159, 74, 410, 312], "category_id": 0}, {"image_id": 66, "bbox": [131, 134, 388, 408], "category_id": 1}, {"image_id": 42, "bbox": [193, 55, 481, 398], "category_id": 0}, {"image_id": 60, "bbox": [172, 49, 481, 462], "category_id": 1}, {"image_id": 60, "bbox": [160, 171, 455, 487], "category_id": 1}, {"image_id": 44, "bbox": [68, 26, 314, 390], "category_id": 1}, {"image_id": 44, "bbox": [101, 140, 386, 386], "category_id": 1}, {"image_id": 14, "bbox": [73, 164, 438, 473], "category_id": 2}, {"image_id": 84, "bbox": [152, 108, 466, 358], "category_id": 2}, {"image_id": 15, "bbox": [90, 26, 481, 338], "category_id": 2}, {"image_id": 92, "bbox": [109, 197, 335, 304], "category_id": 2}, {"image_id": 79, "bbox": [65, 129, 488, 339], "category_id": 0}, {"image_id": 4, "bbox": [60, 120, 359, 425], "category_id": 0}, {"image_id": 26, "bbox": [150, 75, 424, 386], "category_id": 0}, {"image_id": 26, "bbox": [60, 102, 403, 380], "category_id": 1}, {"image_id": 83, "bbox": [187, 71, 465, 421], "category_id": 2}, {"image_id": 30, "bbox": [84, 18, 418, 369], "category_id": 0}, {"image_id": 30, "bbox": [24, 156, 317, 340], "category_id": 2}, {"image_id": 30, "bbox": [45, 168, 332, 402], "category_id": 2}, {"image_id": 78, "bbox": [148, 188, 344, 399], "category_id": 1}, {"image_id": 23, "bbox": [45, 176, 325, 356], "category_id": 0}, {"image_id": 27, "bbox": [38, 84, 381, 416], "category_id": 1}, {"image_id": 27, "bbox": [6, 109, 348, 365], "category_id": 0}, {"image_id": 27, "bbox": [90, 180, 351, 433], "category_id": 0}, {"image_id": 3, "bbox": [160, 108, 371, 461], "category_id": 2}, {"image_id": 46, "bbox": [132, 104, 456, 459], "category_id": 1}, {"image_id": 97, "bbox": [143, 149, 308, 329], "category_id": 2}, {"image_id": 97, "bbox": [131, 22, 342, 472], "category_id": 2}, {"image_id": 55, "bbox": [171, 47, 428, 323], "category_id": 2}, {"image_id": 55, "bbox": [171, 81, 428, 479], "category_id": 1}, {"image_id": 55, "bbox": [166, 132, 430, 394], "category_id": 0}, {"image_id": 17, "bbox": [146, 143, 467, 434], "category_id": 0}, {"image_id": 63, "bbox": [47, 14, 457, 364], "category_id": 2}, {"image_id": 63, "bbox": [102, 136, 354, 347], "category_id": 1}, {"image_id": 37, "bbox": [172, 160, 304, 309], "category_id": 2}, {"image_id": 37, "bbox": [134, 155, 347, 314], "category_id": 0}, {"image_id": 37, "bbox": [177, 155, 413, 375], "category_id": 2}, {"image_id": 43, "bbox": [62, 124, 410, 300], "category_id": 1}, {"image_id": 43, "bbox": [34, 59, 500, 322], "category_id": 2}, {"image_id": 43, "bbox": [76, 59, 431, 447], "category_id": 2}, {"image_id": 19, "bbox": [55, 75, 432, 376], "category_id": 0}, {"image_id": 19, "bbox": [176, 121, 482, 350], "category_id": 1}, {"image_id": 56, "bbox": [51, 69, 431, 462], "category_id": 1}, {"image_id": 71, "bbox": [59, 87, 327, 332], "category_id": 2}, {"image_id": 77, "bbox": [123, 173, 328, 392], "category_id": 1}, {"image_id": 72, "bbox": [122, 113, 490, 461], "category_id": 2}, {"image_id": 72, "bbox": [158, 5, 360, 394], "category_id": 1}, {"image_id": 64, "bbox": [16, 162, 462, 335], "category_id": 1}, {"image_id": 64, "bbox": [141, 104, 425, 402], "category_id": 2}, {"image_id": 64, "bbox": [84, 186, 337, 405], "category_id": 0}, {"image_id": 99, "bbox": [129, 27, 411, 421], "category_id": 1}, {"image_id": 94, "bbox": [155, 113, 354, 364], "category_id": 2}, {"image_id": 94, "bbox": [99, 45, 309, 418], "category_id": 1}, {"image_id": 70, "bbox": [177, 144, 307, 345], "category_id": 0}, {"image_id": 70, "bbox": [82, 41, 463, 487], "category_id": 0}, {"image_id": 70, "bbox": [21, 17, 350, 378], "category_id": 1}, {"image_id": 59, "bbox": [193, 104, 310, 376], "category_id": 0}, {"image_id": 59, "bbox": [160, 98, 408, 440], "category_id": 2}, {"image_id": 29, "bbox": [68, 174, 307, 476], "category_id": 0}, {"image_id": 29, "bbox": [109, 42, 469, 319], "category_id": 2}, {"image_id": 34, "bbox": [13, 185, 481, 316], "category_id": 2}, {"image_id": 76, "bbox": [148, 110, 375, 454], "category_id": 1}, {"image_id": 76, "bbox": [6, 118, 385, 393], "category_id": 1}, {"image_id": 11, "bbox": [82, 190, 307, 392], "category_id": 0}, {"image_id": 11, "bbox": [149, 149, 316, 367], "category_id": 2}, {"image_id": 49, "bbox": [200, 174, 415, 486], "category_id": 2}, {"image_id": 49, "bbox": [134, 190, 368, 429], "category_id": 0}, {"image_id": 49, "bbox": [132, 68, 472, 415], "category_id": 2}, {"image_id": 10, "bbox": [157, 119, 308, 446], "category_id": 2}, {"image_id": 5, "bbox": [181, 12, 335, 330], "category_id": 0}, {"image_id": 5, "bbox": [130, 131, 338, 306], "category_id": 1}, {"image_id": 5, "bbox": [6, 159, 474, 465], "category_id": 0}, {"image_id": 74, "bbox": [9, 135, 409, 419], "category_id": 0}, {"image_id": 74, "bbox": [81, 68, 498, 436], "category_id": 2}, {"image_id": 25, "bbox": [93, 48, 313, 429], "category_id": 1}, {"image_id": 40, "bbox": [76, 106, 496, 459], "category_id": 0}, {"image_id": 6, "bbox": [151, 33, 389, 393], "category_id": 2}, {"image_id": 6, "bbox": [103, 40, 447, 358], "category_id": 2}, {"image_id": 58, "bbox": [81, 45, 379, 481], "category_id": 2}, {"image_id": 58, "bbox": [175, 27, 377, 357], "category_id": 1}, {"image_id": 61, "bbox": [32, 165, 442, 329], "category_id": 2}, {"image_id": 86, "bbox": [45, 156, 370, 443], "category_id": 2}, {"image_id": 88, "bbox": [88, 98, 478, 469], "category_id": 0}, {"image_id": 13, "bbox": [127, 140, 365, 338], "category_id": 1}, {"image_id": 68, "bbox": [18, 139, 434, 447], "category_id": 0}, {"image_id": 32, "bbox": [167, 30, 478, 466], "category_id": 2}, {"image_id": 32, "bbox": [63, 63, 382, 390], "category_id": 0}, {"image_id": 32, "bbox": [10, 28, 358, 393], "category_id": 0}, {"image_id": 80, "bbox": [90, 21, 487, 367], "category_id": 2}, {"image_id": 69, "bbox": [159, 7, 402, 484], "category_id": 0}, {"image_id": 91, "bbox": [80, 190, 434, 351], "category_id": 2}, {"image_id": 81, "bbox": [99, 180, 383, 390], "category_id": 1}, {"image_id": 1, "bbox": [124, 3, 394, 373], "category_id": 2}, {"image_id": 9, "bbox": [10, 126, 428, 412], "category_id": 0}, {"image_id": 51, "bbox": [96, 147, 330, 328], "category_id": 1}, {"image_id": 85, "bbox": [46, 96, 419, 500], "category_id": 0}, {"image_id": 85, "bbox": [111, 160, 449, 323], "category_id": 2}, {"image_id": 57, "bbox": [45, 193, 370, 391], "category_id": 0}, {"image_id": 57, "bbox": [106, 23, 437, 364], "category_id": 0}, {"image_id": 57, "bbox": [98, 100, 420, 302], "category_id": 1}, {"image_id": 7, "bbox": [160, 122, 320, 482], "category_id": 0}, {"image_id": 53, "bbox": [57, 128, 410, 483], "category_id": 0}, {"image_id": 53, "bbox": [88, 21, 428, 431], "category_id": 1}, {"image_id": 33, "bbox": [18, 81, 326, 433], "category_id": 1}, {"image_id": 33, "bbox": [112, 4, 300, 446], "category_id": 1}, {"image_id": 18, "bbox": [179, 72, 368, 423], "category_id": 2}, {"image_id": 18, "bbox": [187, 53, 500, 409], "category_id": 1}, {"image_id": 18, "bbox": [23, 169, 462, 412], "category_id": 1}, {"image_id": 82, "bbox": [176, 198, 317, 369], "category_id": 0}]}