label_name,bbox_x,bbox_y,bbox_width,bbox_height,image_name,image_width,image_height
app,308,135,369,375,apple_14.jpg,960,640
app,73,146,423,414,mixed_5.jpg,1024,1024
ora,542,166,411,393,mixed_5.jpg,1024,1024
ban,158,564,749,407,mixed_5.jpg,1024,1024
ora,81,431,1514,1453,orange_63.jpg,3160,2072
ora,1631,304,1474,1580,orange_63.jpg,3160,2072
ora,35,153,466,457,orange_55.jpg,960,720
ora,64,296,860,888,orange_20.jpg,1300,1225
ban,73,5,432,378,banana_36.jpg,620,387
app,336,226,522,536,apple_56.jpg,1200,900
app,16,26,143,159,apple_4.jpg,351,240
app,142,31,174,177,apple_4.jpg,351,240
ban,68,80,2708,2474,banana_13.jpg,2850,2850
